mean_ic,ic_std,icir,t_stat,p_value,n_days,significant
-0.0012747327493508177,0.2234738837840407,-0.005704168772502679,-0.2218034322872719,0.5877524219455636,1512,False
